{
  "model_type": "logistic_regression_numpy",
  "target": "loan_approved",
  "threshold": 0.3,
  "feature_columns": [
    "rainfall_mm",
    "tmax_c",
    "flood_event_count",
    "cyclone_event_count",
    "cyclone_mean_wind",
    "coast_density",
    "loan_to_value",
    "loan_amount",
    "property_value",
    "tenure_years",
    "asset_Commercial",
    "asset_Industrial",
    "asset_Infrastructure",
    "asset_Residential"
  ],
  "weights": [
    3.07946172721891,
    -0.5515400595531461,
    -0.05113381696312817,
    -0.4573201321495828,
    -0.22086936700437368,
    0.10308604232247004,
    -0.5553325460633846,
    -5.118471464860396,
    2.531568467044166,
    -4.170845468990018,
    -0.30447674630778154,
    0.059834028665144916,
    -0.11671312368523398,
    -0.11332706939495944,
    0.11366347431154138
  ],
  "normalization": {
    "mean": {
      "rainfall_mm": 1178.6407255705092,
      "tmax_c": 22.87810331856558,
      "flood_event_count": 0.13642063027668644,
      "cyclone_event_count": 6.700576778400067,
      "cyclone_mean_wind": 19.63853815932491,
      "coast_density": 12.914068377497284,
      "loan_to_value": 0.6533792521183679,
      "loan_amount": 10982812.649518853,
      "property_value": 18225593.951683227,
      "tenure_years": 17.45473543425562,
      "asset_Commercial": 0.2524450388698487,
      "asset_Industrial": 0.14845774471286466,
      "asset_Infrastructure": 0.1546434840759007,
      "asset_Residential": 0.44445373234138597
    },
    "std": {
      "rainfall_mm": 875.5223847007305,
      "tmax_c": 7.5366537612924835,
      "flood_event_count": 0.4118695264827724,
      "cyclone_event_count": 10.983392606593222,
      "cyclone_mean_wind": 14.304869642184114,
      "coast_density": 44.31898392971201,
      "loan_to_value": 0.17366667626593324,
      "loan_amount": 5176309.129219075,
      "property_value": 10517173.936661,
      "tenure_years": 7.444409259745604,
      "asset_Commercial": 0.43441517148903686,
      "asset_Industrial": 0.35555315038350394,
      "asset_Infrastructure": 0.3615644851319988,
      "asset_Residential": 0.49690503333051245
    }
  },
  "metrics": {
    "accuracy": 0.9238,
    "precision": 0.9858,
    "recall": 0.9285,
    "f1": 0.9563,
    "tp": 2493,
    "tn": 270,
    "fp": 36,
    "fn": 192
  },
  "train_rows": 11963,
  "test_rows": 2991,
  "best_c": 5.0,
  "note": "loan_approved labels are synthetically derived from climate and finance risk. Metrics are for this synthetic task."
}